INSERT INTO users (user_id, username, city) VALUES
(1, 'Marco', 'Lecce'),
(2, 'Anna', 'Roma'),
(3, 'Luca', 'Milano'),
(4, 'Sara', 'Napoli'),
(5, 'Paolo', 'Bari'),
(6, 'Giulia', 'Torino'),
(7, 'Davide', 'Bologna'),
(8, 'Elena', 'Firenze'),
(9, 'Franco', 'Genova'),
(10, 'Chiara', 'Verona'),
(11, 'Marta', 'Padova'),
(12, 'Alessio', 'Parma'),
(13, 'Laura', 'Catania'),
(14, 'Simone', 'Pescara'),
(15, 'Irene', 'Perugia'),
(16, 'Stefano', 'Trieste'),
(17, 'Valeria', 'Modena'),
(18, 'Fabio', 'Reggio Calabria'),
(19, 'Alice', 'Taranto'),
(20, 'Roberto', 'Ancona'),
(21, 'Silvia', 'Lecce'),
(22, 'Giorgio', 'Brindisi'),
(23, 'Federica', 'Ravenna'),
(24, 'Antonio', 'Salerno'),
(25, 'Beatrice', 'Udine'),
(26, 'Daniele', 'Matera'),
(27, 'Claudia', 'Treviso'),
(28, 'Riccardo', 'Monza'),
(29, 'Martina', 'Como'),
(30, 'Andrea', 'Cosenza'),
(31, 'Noemi', 'Arezzo'),
(32, 'Emanuele', 'Pisa');

INSERT INTO groups (group_id, group_name) VALUES
(1, 'Data Science'),
(2, 'Machine Learning'),
(3, 'Graph Databases'),
(4, 'Travel Lovers'),
(5, 'Book Club'),
(6, 'Cycling Team');

INSERT INTO follows (follower_id, followed_id) VALUES
(1,2),(1,3),(1,4),(1,5),
(2,6),(2,7),(2,8),
(3,8),(3,9),(3,10),
(4,10),(4,11),(4,12),
(5,12),(5,13),(5,14),
(6,15),(6,16),
(7,16),(7,17),
(8,18),(8,19),
(9,19),(9,20),
(10,21),(10,22),
(11,22),(11,23),
(12,24),(12,25),
(13,25),(13,26),
(14,27),(14,28),
(15,29),(15,30),
(16,30),(16,31),
(17,31),(17,32),
(18,2),(19,3),(20,4),
(21,5),(22,6),(23,7),
(24,8),(25,9),(26,10),
(27,11),(28,12),(29,13),
(30,14),(31,15),(32,1);

INSERT INTO belong_to (user_id, group_id) VALUES
(1,1),(1,3),
(2,1),(2,2),
(3,2),(3,3),
(4,4),(4,5),
(5,1),(5,6),
(6,2),(6,3),
(7,1),(7,4),
(8,3),(8,5),
(9,4),(9,6),
(10,1),(10,2),
(11,2),(11,5),
(12,3),(12,6),
(13,1),(13,4),
(14,5),(14,6),
(15,2),(15,3),
(16,1),(16,5),
(17,4),(17,6),
(18,2),(18,4),
(19,3),(19,5),
(20,1),(20,6),
(21,2),(21,3),
(22,4),(22,5),
(23,1),(23,2),
(24,3),(24,4),
(25,5),(25,6),
(26,1),(26,3),
(27,2),(27,4),
(28,3),(28,6),
(29,1),(29,5),
(30,2),(30,6),
(31,4),(31,5),
(32,1),(32,2);